{
  "E1_decay_laws": {
    "T": [
      1000,
      10000,
      100000,
      1000000
    ],
    "pointwise": [
      0.061275880441552764,
      0.020051301981994854,
      0.006192056474094998,
      0.0020074759478116
    ],
    "mean": [
      0.0009217489512745964,
      9.786159786157508e-05,
      9.842866351486032e-06,
      9.919237506696617e-07
    ],
    "full": [
      0.2422665375927719,
      0.13998394813510553,
      0.07985065193347321,
      0.043809166842723866
    ],
    "slope_pointwise": -0.496,
    "slope_mean": -0.99,
    "slope_full": -0.247
  },
  "E2_frontier": {
    "square_ratio": 0.9995,
    "sine_ratio": 0.9,
    "lowfreq_ratio": 0.0045,
    "adversary_ratio": 0.8988
  },
  "E3_decoupling_ablation": {
    "chi0": 0.1,
    "LX_with_rider": 0.1999,
    "LX_ablated": 0.0,
    "predicted_rider_LX": 0.2,
    "price_refund_measured": 0.1999
  },
  "E4_correction_cost": {
    "T": [
      10000,
      100000,
      1000000
    ],
    "n_point": [
      52.0,
      159.375,
      502.0
    ],
    "n_field": [
      21.0,
      113.125,
      634.0
    ],
    "n_scalar": [
      38.5,
      380.5,
      3791.875
    ],
    "slope_pointwise": 0.492,
    "slope_field": 0.74,
    "slope_scalar": 0.997,
    "speedup_scalar_over_field": [
      1.83,
      3.36,
      5.98
    ]
  },
  "E5_drift_recovery": {
    "T0": [
      100,
      1000,
      10000
    ],
    "tau": [
      298.47,
      3001.985,
      30036.085
    ],
    "slope": 1.001
  },
  "E6_separability": {
    "T": [
      1000,
      10000,
      100000
    ],
    "hist_bias_energy": [
      0.0004008659680994415,
      4.10747384779446e-05,
      4.085040279068894e-06
    ],
    "poly_bias_energy": [
      2.6540039080130665e-05,
      8.393807278398848e-07,
      2.6300634311649604e-08
    ],
    "slope_histogram_fuel": -0.996,
    "slope_polygon_fuel": -1.502,
    "transport_slope_note": "transport leverage slope ~ -1/4 is E1['slope_full']; unchanged by debiasing"
  },
  "E7_sequential": {
    "T": [
      10000,
      100000,
      1000000
    ],
    "k": [
      1,
      2,
      3
    ],
    "efficiency": [
      [
        1.0,
        0.9999,
        0.9998
      ],
      [
        1.0,
        1.0,
        1.0
      ],
      [
        1.0,
        1.0,
        1.0
      ]
    ]
  }
}